アナーキーデカ 超・法規地帯	https://eiga.com/movie/58617/	
アニエス・Vによるジェーン・b	https://eiga.com/movie/42088/	
アナーキー	https://eiga.com/movie/82013/	https://eiga.k-img.com/images/movie/82013/poster2/200.jpg
アナーキー（2008）	https://eiga.com/movie/54244/	https://eiga.k-img.com/images/movie/54244/photo/0367b8b58a5913ef/320.jpg
姐御　ＡＮＥＧＯ（2003）	https://eiga.com/movie/40664/	
ANALIFE アナライフ	https://eiga.com/movie/41402/	
あの頃、君を追いかけた	https://eiga.com/movie/87926/	https://eiga.k-img.com/images/movie/87926/photo/f9f38dba4cbbd03c/320.jpg
アニー2	https://eiga.com/movie/80940/	https://images-fe.ssl-images-amazon.com/images/I/51yNUw8GfbL._SL180_.jpg
あの愛をもういちど	https://eiga.com/movie/42092/	
アナトミー	https://eiga.com/movie/51528/	https://images-fe.ssl-images-amazon.com/images/I/51e4QxuVIhL._SL180_.jpg
あの頃のように	https://eiga.com/movie/81111/	https://eiga.k-img.com/images/movie/81111/photo/5b300ad1393ffd9b/320.jpg
あのコの、トリコ。	https://eiga.com/movie/87428/	https://eiga.k-img.com/images/movie/87428/photo/99b329f747fc49ba/320.jpg
ANO・ANO 女子大生の基礎知識	https://eiga.com/movie/67934/	
アニー（2005）	https://eiga.com/movie/76666/	
赤毛のアン	https://eiga.com/movie/86558/	https://eiga.k-img.com/images/movie/86558/photo/6f96bfce6af2cfe4/320.jpg
赤毛のアン（1986）	https://eiga.com/movie/2906/	https://eiga.k-img.com/images/movie/2906/photo/f5e3c1514a8d2664/320.jpg
アカシアの道	https://eiga.com/movie/40317/	
紅き大魚の伝説	https://eiga.com/movie/89689/	
赤い薔薇ソースの伝説	https://eiga.com/movie/41914/	https://eiga.k-img.com/images/movie/41914/photo/e70b0fa6538bf640/320.jpg
青い魚	https://eiga.com/movie/34389/	
蒼き狼たち	https://eiga.com/movie/41897/	
青い館	https://eiga.com/movie/54977/	https://eiga.k-img.com/images/movie/54977/photo/0d46938f5eeccd7f/320.jpg
青の炎	https://eiga.com/movie/40694/	
蒼い牙 果てしない愛の物語	https://eiga.com/movie/41877/	
青鬼 ver.2.0	https://eiga.com/movie/81588/	https://eiga.k-img.com/images/movie/81588/poster2/200.jpg
青い恋人たち	https://eiga.com/movie/41878/	https://eiga.k-img.com/images/movie/41878/photo/41be47083dbae8f2/320.jpg
青い挑発	https://eiga.com/movie/41886/	
青い鳥	https://eiga.com/movie/53949/	https://eiga.k-img.com/images/movie/53949/photo/41fe4365e08db228/320.jpg
愛は霧のかなたに	https://eiga.com/movie/41838/	https://eiga.k-img.com/images/movie/41838/photo/7bf3d04c8ad6b780/320.jpg
I loveペッカー	https://eiga.com/movie/41849/	
アイ・ミス・ユー	https://eiga.com/movie/79489/	
愛撫	https://eiga.com/movie/87124/	https://images-fe.ssl-images-amazon.com/images/I/21FRR85NHKL._SL180_.jpg
愛は危険な香り	https://eiga.com/movie/41837/	
愛欲生活 夜よ、濡らして	https://eiga.com/movie/67950/	
愛MY タカラモノと話せるようになった女の子の話	https://eiga.com/movie/84732/	https://eiga.k-img.com/images/movie/84732/photo/72aa202d1544fae4/320.jpg
アイ・ラブ・トラブル	https://eiga.com/movie/41847/	https://eiga.k-img.com/images/movie/41847/photo/574d98ed41acf199/320.jpg
愛は静けさの中に	https://eiga.com/movie/41839/	https://eiga.k-img.com/images/movie/41839/photo/26cb69cbc42180a2/320.jpg
或る終焉	https://eiga.com/movie/83700/	https://eiga.k-img.com/images/movie/83700/poster2/200.jpg
アルティメット・ジャスティス	https://eiga.com/movie/89243/	https://images-fe.ssl-images-amazon.com/images/I/61kl3rquHHL._SL180_.jpg
アルティメット・ファイター	https://eiga.com/movie/54618/	https://images-fe.ssl-images-amazon.com/images/I/61zMrburt4L._SL180_.jpg
ある会社員	https://eiga.com/movie/78157/	https://eiga.k-img.com/images/movie/78157/poster.jpg
アルカンディアス　テオと魔法の指輪	https://eiga.com/movie/83481/	https://images-fe.ssl-images-amazon.com/images/I/61DrtOzVmfL._SL180_.jpg
アルクニ物語	https://eiga.com/movie/77391/	https://eiga.k-img.com/images/movie/77391/photo/8282f8cc02eef832/320.jpg
ある誠実な男	https://eiga.com/movie/89876/	https://eiga.k-img.com/images/movie/89876/photo/012933d48b2e1062/320.jpg
アルティメット・エージェント	https://eiga.com/movie/83890/	https://images-fe.ssl-images-amazon.com/images/I/61QuMS7PT6L._SL180_.jpg
アルデンヌ	https://eiga.com/movie/84929/	https://eiga.k-img.com/images/movie/84929/photo/60eafb9cfb1a1a4e/320.jpg
ある愚か者の悲劇	https://eiga.com/movie/33268/	
ある天文学者の恋文	https://eiga.com/movie/84616/	https://eiga.k-img.com/images/movie/84616/photo/6b13ad4fb8306184/320.jpg
アボミナブル（原題）	https://eiga.com/movie/90372/	
アブノーマル・バケーション　ある女優が堕ちるまで	https://eiga.com/movie/79660/	https://images-fe.ssl-images-amazon.com/images/I/51vz2oJIszL._SL180_.jpg
アボン　小さい家	https://eiga.com/movie/56754/	
アブラカダブラ	https://eiga.com/movie/89924/	https://eiga.k-img.com/images/movie/89924/photo/070a70a04d9a46cd/320.jpg
アブバとヤーバ	https://eiga.com/movie/54652/	https://eiga.k-img.com/images/movie/54652/photo/4eee24736cd1564e/320.jpg
甘い嘘	https://eiga.com/movie/51644/	
アベンジャーズ　エイジ・オブ・ウルトロン	https://eiga.com/movie/77790/	https://eiga.k-img.com/images/movie/77790/poster2/200.jpg
亜麻色の性	https://eiga.com/movie/3709/	https://images-fe.ssl-images-amazon.com/images/I/51BBjtJYESL._SL180_.jpg
甘いウソ	https://eiga.com/movie/54840/	https://eiga.k-img.com/images/movie/54840/photo/738fbbd8cd4e524b/320.jpg
アフロサムライ：レザレクション	https://eiga.com/movie/54878/	https://eiga.k-img.com/images/movie/54878/photo/1694cdd502cd4aeb/320.jpg
アフロ・パンク	https://eiga.com/movie/56655/	
APOAPOワールド ジャイアント馬場90分1本勝負	https://eiga.com/movie/34614/	
APP アプリ	https://eiga.com/movie/82250/	https://images-fe.ssl-images-amazon.com/images/I/51AxIZ-JAKL._SL180_.jpg
赤猫	https://eiga.com/movie/78418/	
赤×ピンク	https://eiga.com/movie/79324/	https://eiga.k-img.com/images/movie/79324/poster2/200.jpg
赤目四十八瀧心中未遂	https://eiga.com/movie/40803/	
赤ちゃんのおでかけ	https://eiga.com/movie/41926/	https://eiga.k-img.com/images/movie/41926/photo/0260586c5e84ba6e/320.jpg
赤と黒の接吻	https://eiga.com/movie/41936/	
アンボーン	https://eiga.com/movie/54380/	https://images-fe.ssl-images-amazon.com/images/I/51eF5uRO5%2BL._SL180_.jpg
unknown アンノウン	https://eiga.com/movie/33723/	https://eiga.k-img.com/images/movie/33723/photo/ad0534b11cfdb002/320.jpg
アンネの日記（1995）	https://eiga.com/movie/34715/	https://eiga.k-img.com/images/movie/34715/photo/633b73b03d6518b8/320.jpg
EARTH TO ECHO アース・トゥ・エコー	https://eiga.com/movie/80128/	https://eiga.k-img.com/images/movie/80128/poster2/200.jpg
アーバン・レジェンド　死霊都市伝説	https://eiga.com/movie/89308/	https://images-fe.ssl-images-amazon.com/images/I/51twTjJgy5L._SL180_.jpg
ANPO	https://eiga.com/movie/55623/	https://eiga.k-img.com/images/movie/55623/photo/f9cec3b66493799e/320.jpg
アーネスト式プロポーズ	https://eiga.com/movie/80564/	https://images-fe.ssl-images-amazon.com/images/I/51Offf46aeL._SL180_.jpg
あんねの日記（1983）	https://eiga.com/movie/68063/	
アンボンで何が裁かれたか	https://eiga.com/movie/42353/	
アート・オブ・ウォー3	https://eiga.com/movie/84405/	https://images-fe.ssl-images-amazon.com/images/I/519pB8BhgML._SL180_.jpg
アンノウン	https://eiga.com/movie/56037/	https://eiga.k-img.com/images/movie/56037/photo/8db4ccca26635cab/320.jpg
アーリー・バード	https://eiga.com/movie/75504/	
アンフェア the end	https://eiga.com/movie/81735/	https://eiga.k-img.com/images/movie/81735/poster2/200.jpg
あんねの子守唄	https://eiga.com/movie/68046/	
アーサーとミニモイの不思議な国	https://eiga.com/movie/1906/	https://eiga.k-img.com/images/movie/1906/photo/476c070d9787a10b/320.jpg
アーティスト	https://eiga.com/movie/57525/	https://eiga.k-img.com/images/movie/57525/poster.jpg
アズミ・ハルコは行方不明	https://eiga.com/movie/83326/	https://eiga.k-img.com/images/movie/83326/photo/c75191d23c41c98f/320.jpg
アスリート　俺が彼に溺れた日々	https://eiga.com/movie/90390/	https://eiga.k-img.com/images/movie/90390/photo/862e737ed4675e53/320.jpg
亜人戦士	https://eiga.com/movie/75208/	
明日の世界II 他人の思考の重荷	https://eiga.com/movie/88408/	https://eiga.k-img.com/images/movie/88408/photo/eb96de2946c4d5ac/320.jpg
明日泣く	https://eiga.com/movie/57143/	https://eiga.k-img.com/images/movie/57143/photo/4548bef0cf562716/320.jpg
アス（原題）	https://eiga.com/movie/90369/	
亜人	https://eiga.com/movie/85936/	https://eiga.k-img.com/images/movie/85936/photo/9e2fec21da2feaf9/320.jpg
あじさいならい	https://eiga.com/movie/74990/	
亜人　衝動	https://eiga.com/movie/82289/	https://eiga.k-img.com/images/movie/82289/poster2/200.jpg
飛鳥へそしてまだ見ぬ子へ	https://eiga.com/movie/34527/	https://eiga.k-img.com/images/movie/34527/photo/8a7c4fea49211b94/320.jpg
明日へのチケット	https://eiga.com/movie/33710/	https://eiga.k-img.com/images/movie/33710/photo/194ef4e06fdb7b9c/320.jpg
アステリックスの冒険　秘薬を守る戦い	https://eiga.com/movie/79836/	https://images-fe.ssl-images-amazon.com/images/I/51YBY1ckUwL._SL180_.jpg
明日の世界	https://eiga.com/movie/84206/	https://eiga.k-img.com/images/movie/84206/photo/e028dfc8ea45b23a/320.jpg
アメリカン・ヒストリーX	https://eiga.com/movie/3846/	https://eiga.k-img.com/images/movie/3846/photo/ef8bfdbe9926e2e3/320.jpg
アメリカン・ウォー	https://eiga.com/movie/83006/	https://images-fe.ssl-images-amazon.com/images/I/511HhSHygrL._SL180_.jpg
アメリカ帝国の滅亡	https://eiga.com/movie/42158/	
アメリカン・ドリームズ	https://eiga.com/movie/88764/	https://images-fe.ssl-images-amazon.com/images/I/515W9TZZ9WL._SL180_.jpg
アメリカン・ゴシック	https://eiga.com/movie/42171/	https://eiga.k-img.com/images/movie/42171/photo/4730c417ac0a73e5/320.jpg
アメリカン忍者	https://eiga.com/movie/42175/	
アメリカン・パイパイパイ！完結編　俺たちの同騒会	https://eiga.com/movie/58115/	https://eiga.k-img.com/images/movie/58115/poster3/200.jpg
あめりかてらいんこぐにた	https://eiga.com/movie/42159/	
アメリカの伯父さん	https://eiga.com/movie/42161/	
アメリカを売った男	https://eiga.com/movie/53389/	https://eiga.k-img.com/images/movie/53389/photo/4bf474d4dad2c76c/320.jpg
アメリカ万才（1984）	https://eiga.com/movie/44430/	
アメリカン・ピーチパイ	https://eiga.com/movie/83484/	https://images-fe.ssl-images-amazon.com/images/I/51ChglyrXgL._SL180_.jpg
アメリカ　戦争する国の人びと	https://eiga.com/movie/56830/	
アメリカン トランスレーション　二十歳の共犯	https://eiga.com/movie/82797/	https://images-fe.ssl-images-amazon.com/images/I/51EOCzy1giL._SL180_.jpg
アメリカン・サイコ	https://eiga.com/movie/1255/	https://eiga.k-img.com/images/movie/1255/photo/106c3e5989b7f229/320.jpg
アメリカン・スプレンダー	https://eiga.com/movie/1256/	https://eiga.k-img.com/images/movie/1256/photo/e754b8e760da0a12/320.jpg
アメリカ	https://eiga.com/movie/89423/	https://eiga.k-img.com/images/movie/89423/photo/be3d08c34d1c0473/320.jpg
米軍（アメリカ）が最も恐れた男　その名は、カメジロー	https://eiga.com/movie/87030/	https://eiga.k-img.com/images/movie/87030/photo/eafd68f8645678e5/320.jpg
犬と私とダンナのカンケイ	https://eiga.com/movie/88777/	
イヌゴエ いぬごえ	https://eiga.com/movie/41595/	https://eiga.k-img.com/images/movie/41595/photo/ab3bc6573cff1324/320.jpg
いのちの深呼吸	https://eiga.com/movie/88474/	https://eiga.k-img.com/images/movie/88474/photo/5b4544e73196bb4f/320.jpg
イノセンス	https://eiga.com/movie/1091/	https://eiga.k-img.com/images/movie/1091/photo/0d81d5355f4944c8/320.jpg
生命 希望の贈り物	https://eiga.com/movie/76726/	
イヌゴエ　幸せの肉球	https://eiga.com/movie/33761/	https://images-fe.ssl-images-amazon.com/images/I/518HbytSNzL._SL180_.jpg
いのちの子ども	https://eiga.com/movie/56345/	https://eiga.k-img.com/images/movie/56345/photo/9bef72cecd2c1ec1/320.jpg
いのちのコール　ミセスインガを知っていますか	https://eiga.com/movie/79859/	https://eiga.k-img.com/images/movie/79859/poster2/200.jpg
犬猫	https://eiga.com/movie/76527/	https://images-fe.ssl-images-amazon.com/images/I/51EH2V2NTKL._SL180_.jpg
犬を連れた女	https://eiga.com/movie/83184/	https://eiga.k-img.com/images/movie/83184/photo/e6d2393f5eca9921/320.jpg
犬と女と刑老人	https://eiga.com/movie/67849/	
犬どろぼう完全計画	https://eiga.com/movie/81632/	https://eiga.k-img.com/images/movie/81632/poster2/200.jpg
イノセント・ガーデン	https://eiga.com/movie/78016/	https://eiga.k-img.com/images/movie/78016/poster.jpg
イル・ディーヴォ　魔王と呼ばれた男	https://eiga.com/movie/77227/	https://eiga.k-img.com/images/movie/77227/photo/7b73806a88ea0cd8/320.jpg
いわきノート FUKUSHIMA VOICE	https://eiga.com/movie/79970/	https://eiga.k-img.com/images/movie/79970/poster2/200.jpg
イルマーレ	https://eiga.com/movie/1699/	https://eiga.k-img.com/images/movie/1699/photo/d5d628076fc74ca9/320.jpg
インクアイリー 審問	https://eiga.com/movie/42502/	
イラクニ接近ス	https://eiga.com/movie/41596/	
色あせてカラフル	https://eiga.com/movie/82314/	https://eiga.k-img.com/images/movie/82314/poster2/200.jpg
依頼人	https://eiga.com/movie/57684/	https://eiga.k-img.com/images/movie/57684/poster2/200.jpg
イリュージョニスト（1983）	https://eiga.com/movie/42492/	
インカ帝国の謎	https://eiga.com/movie/42501/	https://eiga.k-img.com/images/movie/42501/photo/9d721606ba94573f/320.jpg
イル・ポスティーノ	https://eiga.com/movie/42494/	https://eiga.k-img.com/images/movie/42494/photo/16aed9d1d42d905d/320.jpg
色ざんげ（1983）	https://eiga.com/movie/68073/	
11ミリオン・ジョブ	https://eiga.com/movie/82432/	https://images-fe.ssl-images-amazon.com/images/I/51hS76E-HhL._SL180_.jpg
イレイザー	https://eiga.com/movie/42496/	https://eiga.k-img.com/images/movie/42496/photo/c5e5a7029f218e0d/320.jpg
イシュタール	https://eiga.com/movie/42408/	
石の微笑	https://eiga.com/movie/34038/	https://eiga.k-img.com/images/movie/34038/photo/2943e225fb1e3715/320.jpg
イケメンバンク THE MOVIE	https://eiga.com/movie/54037/	https://eiga.k-img.com/images/movie/54037/photo/84ecb75ec4881964/320.jpg
異人たちの棲む館	https://eiga.com/movie/78556/	https://eiga.k-img.com/images/movie/78556/photo/bd17ff74ebd3c7e6/320.jpg
いけにえ天使	https://eiga.com/movie/68311/	
戦 IKUSA	https://eiga.com/movie/56447/	https://images-fe.ssl-images-amazon.com/images/I/51MhZJLNVEL._SL180_.jpg
生き残るための3つの取引	https://eiga.com/movie/56020/	https://eiga.k-img.com/images/movie/56020/photo/93679cfe01300ea2/320.jpg
I.K.U	https://eiga.com/movie/40312/	https://eiga.k-img.com/images/movie/40312/photo/66fce2381853510f/320.jpg
いきなり先生になったボクが彼女に恋をした	https://eiga.com/movie/85157/	https://eiga.k-img.com/images/movie/85157/photo/0bdf6e4a2eb7146c/320.jpg
生きるために	https://eiga.com/movie/42399/	https://images-fe.ssl-images-amazon.com/images/I/61nvy4Sj6AL._SL180_.jpg
生きのびるために	https://eiga.com/movie/89331/	https://eiga.k-img.com/images/movie/89331/photo/3db1277797a13f4a/320.jpg
いくつもの朝を迎えて	https://eiga.com/movie/33251/	
イタリアは呼んでいる	https://eiga.com/movie/81613/	https://eiga.k-img.com/images/movie/81613/poster2/200.jpg
IZO	https://eiga.com/movie/41046/	
イタズラなKiss THE MOVIE2 キャンパス編	https://eiga.com/movie/83967/	https://eiga.k-img.com/images/movie/83967/photo/03f435d7102cb93f/320.jpg
イズラエル・ヴァイブレーション	https://eiga.com/movie/53049/	
イタズラなKiss THE MOVIE ハイスクール編	https://eiga.com/movie/82811/	https://eiga.k-img.com/images/movie/82811/photo/0607d21e6f5a6e89/320.jpg
イズント・シー・グレート	https://eiga.com/movie/84124/	https://images-fe.ssl-images-amazon.com/images/I/215M0TR87TL._SL180_.jpg
痛み	https://eiga.com/movie/57324/	https://eiga.k-img.com/images/movie/57324/poster.jpg
悪戯	https://eiga.com/movie/80185/	https://eiga.k-img.com/images/movie/80185/poster2/200.jpg
いたいふたり	https://eiga.com/movie/40646/	https://images-fe.ssl-images-amazon.com/images/I/51QZNZ5S3NL._SL180_.jpg
泉（1988）	https://eiga.com/movie/67671/	https://eiga.k-img.com/images/movie/67671/photo/9e01a6380f7a867b/320.jpg
イタズ 熊	https://eiga.com/movie/34776/	https://eiga.k-img.com/images/movie/34776/photo/fb2af6588624543e/320.jpg
愛しのゴースト	https://eiga.com/movie/80637/	https://eiga.k-img.com/images/movie/80637/poster2/200.jpg
いとしきエブリデイ	https://eiga.com/movie/78038/	https://eiga.k-img.com/images/movie/78038/poster2/200.jpg
因幡の白うさぎ	https://eiga.com/movie/56409/	
頭文字D Third Stage	https://eiga.com/movie/75860/	https://images-fe.ssl-images-amazon.com/images/I/41RGE172F6L._SL180_.jpg
愛しきは、女 ラ・バランス	https://eiga.com/movie/42458/	https://eiga.k-img.com/images/movie/42458/photo/24b2d50930468324/320.jpg
愛しのジェニファー	https://eiga.com/movie/85112/	https://images-fe.ssl-images-amazon.com/images/I/51d963o4bPL._SL180_.jpg
愛しのエレーヌ ルルーとペリシエの事件簿	https://eiga.com/movie/42459/	
いとしい人	https://eiga.com/movie/54232/	https://eiga.k-img.com/images/movie/54232/photo/d9be7d3842d109e2/320.jpg
イディオッツ	https://eiga.com/movie/51246/	
愛しき反抗	https://eiga.com/movie/77503/	
挑む　菊池省三・白熱する教室	https://eiga.com/movie/88018/	
愛しのタチアナ	https://eiga.com/movie/4703/	https://eiga.k-img.com/images/movie/4703/photo/f9cc24b463d5fb3f/320.jpg
愛しき人生のつくりかた	https://eiga.com/movie/83102/	https://eiga.k-img.com/images/movie/83102/poster2/200.jpg
いつかきた道（1998）	https://eiga.com/movie/76056/	
偽りなき者	https://eiga.com/movie/77778/	https://eiga.k-img.com/images/movie/77778/poster.jpg
イット・カムズ	https://eiga.com/movie/89632/	https://images-fe.ssl-images-amazon.com/images/I/514YtzxMN9L._SL180_.jpg
いつかあなたに逢う夢	https://eiga.com/movie/42434/	
いつまでも忘れないよ	https://eiga.com/movie/90230/	https://eiga.k-img.com/images/movie/90230/photo/f9f0fa63efbf7cd0/320.jpg
いつか、また	https://eiga.com/movie/82018/	https://eiga.k-img.com/images/movie/82018/poster2/200.jpg
いつだってやめられる 7人の危ない教授たち	https://eiga.com/movie/81990/	https://eiga.k-img.com/images/movie/81990/photo/cdaeba675dc7bdae/320.jpg
いつまでも二人で	https://eiga.com/movie/42442/	https://images-fe.ssl-images-amazon.com/images/I/41630CZJM2L._SL180_.jpg
いつかの君へ	https://eiga.com/movie/56228/	https://images-fe.ssl-images-amazon.com/images/I/51cVie2H1PL._SL180_.jpg
IT イット　“それ”が見えたら、終わり。	https://eiga.com/movie/86213/	https://eiga.k-img.com/images/movie/86213/photo/3ac6bfdba41a0a3e/320.jpg
イップ・マン　最終章	https://eiga.com/movie/78859/	https://eiga.k-img.com/images/movie/78859/poster.jpg
一遍上人	https://eiga.com/movie/57319/	https://eiga.k-img.com/images/movie/57319/photo/076680f8f12b330b/320.jpg
偽りの晩餐	https://eiga.com/movie/42451/	https://images-fe.ssl-images-amazon.com/images/I/51Mw2EL9Z5L._SL180_.jpg
いつか読書する日	https://eiga.com/movie/41312/	https://eiga.k-img.com/images/movie/41312/photo/24dc7d2a1b1aa1de/320.jpg
イップ・マン　誕生	https://eiga.com/movie/57753/	https://eiga.k-img.com/images/movie/57753/photo/299ff398263e5aa2/320.jpg
家に帰ると妻が必ず死んだふりをしています。	https://eiga.com/movie/87167/	https://eiga.k-img.com/images/movie/87167/photo/cc8b5205e1126ea1/320.jpg
イカとクジラ	https://eiga.com/movie/1704/	https://eiga.k-img.com/images/movie/1704/photo/6dd490bb50ff9119/320.jpg
いかれたベイビー	https://eiga.com/movie/79213/	https://eiga.k-img.com/images/movie/79213/poster2/200.jpg
怒りの裁き	https://eiga.com/movie/42382/	
イエスタデイ	https://eiga.com/movie/83887/	https://eiga.k-img.com/images/movie/83887/photo/c48dc345c2c030b2/320.jpg
イエロー	https://eiga.com/movie/77529/	https://eiga.k-img.com/images/movie/77529/photo/21bd235ec78444bd/320.jpg
YES／NO イエス・ノー	https://eiga.com/movie/78258/	https://eiga.k-img.com/images/movie/78258/poster2/200.jpg
家なき子（1994）	https://eiga.com/movie/34723/	
伊江島取材特報　消えたタッチューとチカラタンナーパ	https://eiga.com/movie/84601/	
イエスタデイ、ワンスモア	https://eiga.com/movie/52650/	https://eiga.k-img.com/images/movie/52650/photo/8e9e4c3d467b3530/320.jpg
イウォーク・アドベンチャー	https://eiga.com/movie/42366/	https://eiga.k-img.com/images/movie/42366/photo/7ec853686a74fa7e/320.jpg
いいにおいのする映画	https://eiga.com/movie/83639/	https://eiga.k-img.com/images/movie/83639/poster2/200.jpg
黄龍 イエロードラゴン	https://eiga.com/movie/40704/	https://eiga.k-img.com/images/movie/40704/photo/f79d6e297a8b4152/320.jpg
飲尿白書	https://eiga.com/movie/76513/	
EAST MEETS WEST	https://eiga.com/movie/34722/	https://eiga.k-img.com/images/movie/34722/photo/e277b73b1b595e75/320.jpg
EM EMBALMING	https://eiga.com/movie/34720/	https://eiga.k-img.com/images/movie/34720/photo/6ebc6301cf4d2e17/320.jpg
イージー・マネー　一獲千金	https://eiga.com/movie/84119/	
イン・ユア・アイズ　近くて遠い恋人たち	https://eiga.com/movie/82011/	https://eiga.k-img.com/images/movie/82011/poster2/200.jpg
イン・マイ・スキン 人には言えない、私が本当にしたいこと	https://eiga.com/movie/52063/	
インヴィンシブル　栄光へのタッチダウン	https://eiga.com/movie/83407/	https://images-fe.ssl-images-amazon.com/images/I/519Xb%2BSXaGL._SL180_.jpg
イージーマネー	https://eiga.com/movie/83368/	https://images-fe.ssl-images-amazon.com/images/I/51DXYIH8-YL._SL180_.jpg
インパクト・アース	https://eiga.com/movie/83831/	https://images-fe.ssl-images-amazon.com/images/I/61WmGLxewOL._SL180_.jpg
インモラル　異常者	https://eiga.com/movie/84564/	https://images-fe.ssl-images-amazon.com/images/I/514o84N14VL._SL180_.jpg
イースタン・プロミス	https://eiga.com/movie/34221/	https://eiga.k-img.com/images/movie/34221/photo/fcb7882b24ce675a/320.jpg
イースターナイトメア　死のイースターバニー	https://eiga.com/movie/84470/	https://eiga.k-img.com/images/movie/84470/poster2/200.jpg
インビジブル・ターゲット	https://eiga.com/movie/53798/	https://eiga.k-img.com/images/movie/53798/photo/0a04f14b2512b287/320.jpg
インフィニティ 無限の愛	https://eiga.com/movie/42532/	
インビテーション	https://eiga.com/movie/86105/	https://eiga.k-img.com/images/movie/86105/photo/a0b8ca870a4fa8fc/320.jpg
E.T.	https://eiga.com/movie/42364/	https://eiga.k-img.com/images/movie/42364/photo/8387499997e370b1/320.jpg
イースタン・コンドル	https://eiga.com/movie/42362/	https://images-fe.ssl-images-amazon.com/images/I/61PQos9wkDL._SL180_.jpg
イーグル・アイ	https://eiga.com/movie/53744/	https://eiga.k-img.com/images/movie/53744/photo/07b71d4a85e197e0/320.jpg
インモータルズ　神々の戦い	https://eiga.com/movie/56105/	https://eiga.k-img.com/images/movie/56105/poster.jpg
インターステラー	https://eiga.com/movie/78321/	https://eiga.k-img.com/images/movie/78321/poster2/200.jpg
仁寺洞スキャンダル　神の手を持つ男	https://eiga.com/movie/55420/	https://eiga.k-img.com/images/movie/55420/photo/ff3f5f0de9fb0c50/320.jpg
インターセプション　盗聴戦	https://eiga.com/movie/82312/	https://eiga.k-img.com/images/movie/82312/photo/2995f65fabf1d523/320.jpg
イントゥ・ザ・サン	https://eiga.com/movie/52665/	https://eiga.k-img.com/images/movie/52665/photo/684b6ae8d90f88b3/320.jpg
イントゥ・ザ・シー	https://eiga.com/movie/85046/	
インターセプター	https://eiga.com/movie/42511/	
イン・ザ・ヒーロー	https://eiga.com/movie/79845/	https://eiga.k-img.com/images/movie/79845/poster2/200.jpg
インストール	https://eiga.com/movie/41213/	https://eiga.k-img.com/images/movie/41213/photo/4a14fd0a413bbb91/320.jpg
インディアン・サマー	https://eiga.com/movie/41291/	https://eiga.k-img.com/images/movie/41291/photo/961a775795648859/320.jpg
インターミッション	https://eiga.com/movie/77509/	https://eiga.k-img.com/images/movie/77509/photo/5d14a18970ad83c5/320.jpg
イン・ザ・スープ 15th アニバーサリー・オリジナルカット	https://eiga.com/movie/76739/	
インシディアス	https://eiga.com/movie/56217/	https://eiga.k-img.com/images/movie/56217/photo/5971ec3d9e40081b/320.jpg
インスタント沼	https://eiga.com/movie/53886/	https://eiga.k-img.com/images/movie/53886/photo/fa02037ebfb8f8d4/320.jpg
インサイド・マン	https://eiga.com/movie/33566/	https://eiga.k-img.com/images/movie/33566/photo/76a9c848e50a73e0/320.jpg
インディアン・ランナー	https://eiga.com/movie/4920/	https://images-fe.ssl-images-amazon.com/images/I/51S8FPVDBFL._SL180_.jpg
インサイド（2016）	https://eiga.com/movie/89081/	https://images-fe.ssl-images-amazon.com/images/I/61cKINi9A3L._SL180_.jpg
イントゥ・ザ・ブルー	https://eiga.com/movie/34261/	https://eiga.k-img.com/images/movie/34261/photo/e6dd808fdac4629d/320.jpg
インサイド・ディープ・スロート	https://eiga.com/movie/52664/	
海辺のポーリーヌ	https://eiga.com/movie/42671/	https://eiga.k-img.com/images/movie/42671/photo/42ec63b8b2efb236/320.jpg
URAHARA	https://eiga.com/movie/53521/	https://eiga.k-img.com/images/movie/53521/photo/115762208d79d428/320.jpg
海街diary	https://eiga.com/movie/80446/	https://eiga.k-img.com/images/movie/80446/poster2/200.jpg
楳図かずお恐怖劇場　絶食	https://eiga.com/movie/57128/	https://images-fe.ssl-images-amazon.com/images/I/51195J83ZVL._SL180_.jpg
浦添ようどれ　よみがえる古琉球	https://eiga.com/movie/56650/	https://eiga.k-img.com/images/movie/56650/photo/c609d109a6e4c95d/320.jpg
梅心中	https://eiga.com/movie/76496/	
裏切りの獣たち	https://eiga.com/movie/80698/	https://eiga.k-img.com/images/movie/80698/poster2/200.jpg
裏切りの街	https://eiga.com/movie/85835/	https://eiga.k-img.com/images/movie/85835/photo/9acf2e0e9697a61e/320.jpg
海をみる	https://eiga.com/movie/5383/	https://images-fe.ssl-images-amazon.com/images/I/21QRNM63V9L._SL180_.jpg
海よりもまだ深く	https://eiga.com/movie/83901/	https://eiga.k-img.com/images/movie/83901/poster2/200.jpg
裏切り者	https://eiga.com/movie/51253/	https://eiga.k-img.com/images/movie/51253/photo/df93cc76bcaf8c1f/320.jpg
裏切りのスナイパー	https://eiga.com/movie/79099/	https://images-fe.ssl-images-amazon.com/images/I/51AWEagBtUL._SL180_.jpg
海は燃えている　イタリア最南端の小さな島	https://eiga.com/movie/85524/	https://eiga.k-img.com/images/movie/85524/photo/5106c946be9cecb5/320.jpg
海の彼方	https://eiga.com/movie/86782/	https://eiga.k-img.com/images/movie/86782/photo/eb83471baa036e3b/320.jpg
海へ　朴さんの手紙	https://eiga.com/movie/85255/	https://eiga.k-img.com/images/movie/85255/photo/f8d718bf3f2fab19/320.jpg
うみ・そら・さんごのいいつたえ	https://eiga.com/movie/34929/	
海燕ジョーの奇跡	https://eiga.com/movie/34930/	https://eiga.k-img.com/images/movie/34930/photo/5040155ca06bb67c/320.jpg
ウミヒコヤマヒコマイヒコ	https://eiga.com/movie/33998/	https://eiga.k-img.com/images/movie/33998/photo/288b819eedcfa0d5/320.jpg
海の上のピアニスト	https://eiga.com/movie/1793/	https://eiga.k-img.com/images/movie/1793/photo/7dcf003babe6360a/320.jpg
海だ!船出だ!にこにこぷん	https://eiga.com/movie/75194/	
海盗り 下北半島・浜関根	https://eiga.com/movie/34932/	https://images-fe.ssl-images-amazon.com/images/I/41Sybd23HsL._SL180_.jpg
WALKING MAN	https://eiga.com/movie/90267/	
ウォークラフト	https://eiga.com/movie/83709/	https://eiga.k-img.com/images/movie/83709/photo/724084378d45aaa4/320.jpg
浮き草たち	https://eiga.com/movie/85685/	https://eiga.k-img.com/images/movie/85685/photo/095de2786076dd64/320.jpg
ウォンテッド Mr・クリスマス	https://eiga.com/movie/42622/	
ウォール街	https://eiga.com/movie/42616/	https://eiga.k-img.com/images/movie/42616/photo/4e1300dc4b460bcc/320.jpg
ウゲウゲ！	https://eiga.com/movie/81974/	https://eiga.k-img.com/images/movie/81974/photo/f17a43725019612d/320.jpg
ウォー・マシーン　戦争は話術だ！	https://eiga.com/movie/86645/	https://eiga.k-img.com/images/movie/86645/photo/054fb723ccae6e61/320.jpg
ウォータームーン	https://eiga.com/movie/34864/	https://eiga.k-img.com/images/movie/34864/photo/7ba30391ec1d746b/320.jpg
ウォーカー	https://eiga.com/movie/5063/	https://eiga.k-img.com/images/movie/5063/photo/e3eae29dc133e3c9/320.jpg
ウォーター・アンド・パワー	https://eiga.com/movie/42609/	
うちの執事が言うことには	https://eiga.com/movie/89214/	https://eiga.k-img.com/images/movie/89214/photo/2f0942127ca786d2/320.jpg
歌え!ジャニス・ジョプリンのように	https://eiga.com/movie/52254/	
歌姫カルメーラ	https://eiga.com/movie/42640/	
歌え!フィッシャーマン	https://eiga.com/movie/51633/	https://eiga.k-img.com/images/movie/51633/photo/7ee03ced8976c8e1/320.jpg
ウェス・クレイヴンズ　ザ・リッパー	https://eiga.com/movie/55801/	
Wake Up, Girls! Beyond the Bottom	https://eiga.com/movie/82015/	https://eiga.k-img.com/images/movie/82015/poster2/200.jpg
ウエスト・ゲートNo.6	https://eiga.com/movie/54017/	https://eiga.k-img.com/images/movie/54017/photo/89bc7c6d7c90954a/320.jpg
ウェイバック　脱出6500km	https://eiga.com/movie/55988/	https://eiga.k-img.com/images/movie/55988/poster.jpg
ウェディング・プランナー	https://eiga.com/movie/1741/	https://eiga.k-img.com/images/movie/1741/photo/732110741ca407ca/320.jpg
ウエイト　呪われし存在の重さ	https://eiga.com/movie/82899/	https://images-fe.ssl-images-amazon.com/images/I/51g6xZBnRsL._SL180_.jpg
ウォッチャーズ	https://eiga.com/movie/54876/	https://eiga.k-img.com/images/movie/54876/photo/66b0740118028383/320.jpg
ウォッチャーズ 第3生命体	https://eiga.com/movie/42617/	
ウェディング・シンガー	https://eiga.com/movie/42600/	https://eiga.k-img.com/images/movie/42600/photo/0e0aa262969232dc/320.jpg
ウェールズの山	https://eiga.com/movie/42593/	https://eiga.k-img.com/images/movie/42593/photo/dca8ba8da05daf9e/320.jpg
Wednesday アナザーワールド TWILIGHT FILE VI	https://eiga.com/movie/56310/	
ウインズ	https://eiga.com/movie/42578/	https://eiga.k-img.com/images/movie/42578/photo/c984f93e11daaf8c/320.jpg
ウェディング・ゲスト	https://eiga.com/movie/89633/	https://images-fe.ssl-images-amazon.com/images/I/51AAfewmnqL._SL180_.jpg
ウォルター少年と、夏の休日	https://eiga.com/movie/52232/	https://eiga.k-img.com/images/movie/52232/photo/6f3d44d6a20a8dae/320.jpg
ウェドロック	https://eiga.com/movie/42601/	
ウォリスとエドワード　英国王冠をかけた恋	https://eiga.com/movie/57725/	https://eiga.k-img.com/images/movie/57725/poster.jpg
嘘はフィクサーのはじまり	https://eiga.com/movie/89479/	https://eiga.k-img.com/images/movie/89479/photo/02e9a0aff855dc3e/320.jpg
うしろの正面だあれ	https://eiga.com/movie/34877/	
うそつきパラドクス	https://eiga.com/movie/78891/	https://eiga.k-img.com/images/movie/78891/poster2/200.jpg
薄れゆく記憶のなかで	https://eiga.com/movie/34883/	
牛の鈴音	https://eiga.com/movie/54907/	https://eiga.k-img.com/images/movie/54907/photo/67ef4a1221d11a6f/320.jpg
失われた龍の系譜 トレース・オブ・ア・ドラゴン	https://eiga.com/movie/52495/	https://images-fe.ssl-images-amazon.com/images/I/41ozHWBBVTL._SL180_.jpg
ウィンストン・チャーチル　ヒトラーから世界を救った男	https://eiga.com/movie/88218/	https://eiga.k-img.com/images/movie/88218/photo/ebf20187bd355808/320.jpg
ウィロー	https://eiga.com/movie/42575/	https://eiga.k-img.com/images/movie/42575/photo/274fd88f5a105c3b/320.jpg
ウィジャ　ビギニング　呪い襲い殺す	https://eiga.com/movie/85876/	https://images-fe.ssl-images-amazon.com/images/I/51hlD%2BbI0CL._SL180_.jpg
ウイスキーと2人の花嫁	https://eiga.com/movie/88127/	https://eiga.k-img.com/images/movie/88127/photo/2722be57e1ec2fab/320.jpg
ウィング・コマンダー	https://eiga.com/movie/78432/	
ウィッチマウンテン　地図から消された山	https://eiga.com/movie/54444/	https://eiga.k-img.com/images/movie/54444/photo/205cf7651c0032ca/320.jpg
ウィークエンド・チャンピオン　モンテカルロ1971	https://eiga.com/movie/82030/	https://eiga.k-img.com/images/movie/82030/poster2/200.jpg
ウィングス	https://eiga.com/movie/82369/	https://images-fe.ssl-images-amazon.com/images/I/51dPU8YQjcL._SL180_.jpg
ウィーク・オブ・ウェディング	https://eiga.com/movie/88966/	
ウィ・アー・ザ・ベスト！	https://eiga.com/movie/79290/	https://eiga.k-img.com/images/movie/79290/photo/976f3e8a0304b252/320.jpg
ウィッカーマン	https://eiga.com/movie/34155/	https://eiga.k-img.com/images/movie/34155/photo/c018397a3626e284/320.jpg
We are REDS! THE MOVIE 開幕までの7日間	https://eiga.com/movie/80069/	https://eiga.k-img.com/images/movie/80069/poster2/200.jpg
ウィンターストーム　雪山の悪夢	https://eiga.com/movie/85925/	https://images-fe.ssl-images-amazon.com/images/I/51ibx3eXMqL._SL180_.jpg
We Margiela マルジェラと私たち	https://eiga.com/movie/89975/	https://eiga.k-img.com/images/movie/89975/photo/87c70e763e903afc/320.jpg
ウィル　夢をかなえる旅	https://eiga.com/movie/81831/	https://images-fe.ssl-images-amazon.com/images/I/51gnC%2BhO-zL._SL180_.jpg
馬を放つ	https://eiga.com/movie/87612/	https://eiga.k-img.com/images/movie/87612/photo/bbcf43cc024010ac/320.jpg
うつろいの標本箱	https://eiga.com/movie/85270/	https://eiga.k-img.com/images/movie/85270/photo/43f4e6372345d4db/320.jpg
うつろいの季節（とき）	https://eiga.com/movie/82288/	
宇能鴻一郎の濡れて悶える	https://eiga.com/movie/68856/	
宇能鴻一郎の貝くらべ	https://eiga.com/movie/68895/	
宇能鴻一郎の浮気日記	https://eiga.com/movie/68906/	
美しすぎる人妻 Mistress of Seduction	https://eiga.com/movie/83568/	https://images-fe.ssl-images-amazon.com/images/I/511Gkf-XIIL._SL180_.jpg
うつせみ	https://eiga.com/movie/1728/	https://eiga.k-img.com/images/movie/1728/photo/90b79c4f02690351/320.jpg
宇宙の法則（1990）	https://eiga.com/movie/34915/	
宇宙戦艦ヤマト2199 第七章「そして艦は行く」	https://eiga.com/movie/78584/	https://eiga.k-img.com/images/movie/78584/photo/8283667ca168029c/320.jpg
宇宙戦艦ヤマト2199 第一章「遥かなる旅立ち」	https://eiga.com/movie/57462/	https://eiga.k-img.com/images/movie/57462/photo/a26f60ac13a4a1cf/320.jpg
宇宙の法則（2005）	https://eiga.com/movie/76682/	
美しき葬列	https://eiga.com/movie/76121/	
ウッドローン	https://eiga.com/movie/83320/	https://images-fe.ssl-images-amazon.com/images/I/51nDwMwhH6L._SL180_.jpg
美しき結婚	https://eiga.com/movie/42655/	
宇宙で最も複雑怪奇な交尾の儀式	https://eiga.com/movie/84025/	https://images-fe.ssl-images-amazon.com/images/I/51OSgi%2BByYL._SL180_.jpg
美しい人	https://eiga.com/movie/1237/	https://eiga.k-img.com/images/movie/1237/photo/62e8baed375a366f/320.jpg
美しい青年パク・ヨンハの最後の願い	https://eiga.com/movie/56434/	https://eiga.k-img.com/images/movie/56434/photo/10515861b81d3cb1/320.jpg
ウッドストックがやってくる	https://eiga.com/movie/54882/	https://eiga.k-img.com/images/movie/54882/photo/b2bf8158a867ddbc/320.jpg
ウルフクリーク　猟奇殺人谷	https://eiga.com/movie/82954/	https://images-fe.ssl-images-amazon.com/images/I/51vuFzBEZJL._SL180_.jpg
ウルトラマンティガ＆ウルトラマンダイナ　光の星の戦士たち	https://eiga.com/movie/34981/	
ウルトラマンG 怪獣撃滅作戦	https://eiga.com/movie/34977/	
ウルルの森の物語	https://eiga.com/movie/54750/	https://eiga.k-img.com/images/movie/54750/photo/3518a8ff000860fb/320.jpg
ウルトラマンゼアス2 超人大戦・光と影	https://eiga.com/movie/34980/	https://eiga.k-img.com/images/movie/34980/photo/4068e93442f837bd/320.jpg
ウルフ・オブ・ウォールストリート	https://eiga.com/movie/78790/	https://eiga.k-img.com/images/movie/78790/poster2/200.jpg
ウルトラマン・カンパニー こちらウルカン特捜(騒)隊	https://eiga.com/movie/74129/	
ウルボ　泣き虫ボクシング部	https://eiga.com/movie/86733/	https://eiga.k-img.com/images/movie/86733/photo/de723b0403f30744/320.jpg
ウルトラニャン 星空から舞い降りたふしぎネコ	https://eiga.com/movie/75264/	
えんどうの花	https://eiga.com/movie/56656/	
エンパイア レコード	https://eiga.com/movie/42897/	
エンドレス・ポエトリー	https://eiga.com/movie/84919/	https://eiga.k-img.com/images/movie/84919/photo/fee8132a746bb6a5/320.jpg
END CALL	https://eiga.com/movie/55788/	https://eiga.k-img.com/images/movie/55788/photo/d8bf85c06a8338a9/320.jpg
ENJIYA ANOTHER WORLD 今井孝祐 殺人事件	https://eiga.com/movie/76017/	
えんとこ	https://eiga.com/movie/35111/	
援助交際撲滅運動 地獄変	https://eiga.com/movie/41072/	https://eiga.k-img.com/images/movie/41072/photo/4f7bb38e87945e5e/320.jpg
エンゼル・ハート	https://eiga.com/movie/6134/	https://eiga.k-img.com/images/movie/6134/photo/c51275421b07e97b/320.jpg
ENJIYA mini	https://eiga.com/movie/76016/	
演じ屋 第壱幕 ガンバ来襲	https://eiga.com/movie/75935/	
エンドレス・ワルツ	https://eiga.com/movie/35113/	
演じ屋 第八幕 夏合宿	https://eiga.com/movie/76034/	
エンド・オブ・バイオレンス	https://eiga.com/movie/6152/	https://eiga.k-img.com/images/movie/6152/photo/fd2be8eae7d9f3e4/320.jpg
エンジェル 僕の歌は君の歌	https://eiga.com/movie/35107/	https://eiga.k-img.com/images/movie/35107/photo/877948769fa4ee4c/320.jpg
エンドレス・マーダー	https://eiga.com/movie/87435/	https://images-fe.ssl-images-amazon.com/images/I/61O2Jx3H6SL._SL180_.jpg
エンジェル・ベイビー	https://eiga.com/movie/42886/	
エンマ	https://eiga.com/movie/56421/	https://eiga.k-img.com/images/movie/56421/photo/a51e61286b637f34/320.jpg
エンド・オブ・ザ・ワールド　地球最後の日、恋に落ちる	https://eiga.com/movie/82297/	https://images-fe.ssl-images-amazon.com/images/I/51jYkTPsmtL._SL180_.jpg
エンジェル・ダスト	https://eiga.com/movie/35106/	
エレメンタリ　鍛冶屋と悪魔と少女	https://eiga.com/movie/90084/	
縁切り村　デッド・エンド・サバイバル	https://eiga.com/movie/56441/	https://eiga.k-img.com/images/movie/56441/photo/4e1ccde4e9b2e5cc/320.jpg
エルム街の悪夢2 フレディの復讐	https://eiga.com/movie/42865/	https://eiga.k-img.com/images/movie/42865/photo/cf9c2765471d681a/320.jpg
エンシェンと魔法のタブレット　もうひとつのひるね姫	https://eiga.com/movie/86825/	https://eiga.k-img.com/images/movie/86825/photo/f01666d18ad41f06/320.jpg
延安の娘	https://eiga.com/movie/80861/	
エルム街の悪夢4 ザ・ドリームマスター 最後の反撃	https://eiga.com/movie/42867/	https://eiga.k-img.com/images/movie/42867/photo/a3ae9246714652a6/320.jpg
エレクトロニックガール	https://eiga.com/movie/54807/	https://eiga.k-img.com/images/movie/54807/photo/85944d2489ba5add/320.jpg
エレファント・マン	https://eiga.com/movie/6078/	https://eiga.k-img.com/images/movie/6078/photo/1d83454ee33b1ed7/320.jpg
エレクトリック・ドリーム	https://eiga.com/movie/42872/	https://eiga.k-img.com/images/movie/42872/photo/b08439a5794ef35e/320.jpg
冤罪（1981）	https://eiga.com/movie/74787/	
エンジェル	https://eiga.com/movie/53113/	https://eiga.k-img.com/images/movie/53113/photo/5e165242d910c04b/320.jpg
エンカウンター3D	https://eiga.com/movie/75653/	
A1	https://eiga.com/movie/75571/	
笑顔の道しるべ　平田大一と南会津の子どもたち	https://eiga.com/movie/80060/	https://eiga.k-img.com/images/movie/80060/poster2/200.jpg
エクスタミネーター	https://eiga.com/movie/42764/	https://eiga.k-img.com/images/movie/42764/photo/f0df683f64d1b9a0/320.jpg
エイリネイト　侵略地区	https://eiga.com/movie/83645/	https://eiga.k-img.com/images/movie/83645/photo/ac985d974723c393/320.jpg
エクスプレス　負けざる男たち	https://eiga.com/movie/54158/	https://images-fe.ssl-images-amazon.com/images/I/51r1cNlJe9L._SL180_.jpg
エクスタシー	https://eiga.com/movie/58233/	https://images-fe.ssl-images-amazon.com/images/I/51%2BDmdqr5GL._SL180_.jpg
英雄伝説　空の軌跡 THE ANIMATION Vol.1	https://eiga.com/movie/57066/	https://eiga.k-img.com/images/movie/57066/poster2/200.jpg
エイリアン4	https://eiga.com/movie/42742/	https://eiga.k-img.com/images/movie/42742/photo/c3fb36fe222ab1f4/320.jpg
エイリアンZ 超感染	https://eiga.com/movie/87970/	https://images-fe.ssl-images-amazon.com/images/I/51EXgtLr1OL._SL180_.jpg
エイリアン・ライジング	https://eiga.com/movie/85111/	https://images-fe.ssl-images-amazon.com/images/I/51mQNR%2BA%2BSL._SL180_.jpg
エイリアン・インフェクション	https://eiga.com/movie/80546/	https://images-fe.ssl-images-amazon.com/images/I/61UGIxJViLL._SL180_.jpg
笑顔の向こうに	https://eiga.com/movie/90028/	https://eiga.k-img.com/images/movie/90028/photo/6a62b90518adf1bd/320.jpg
エイリアン3	https://eiga.com/movie/5690/	https://eiga.k-img.com/images/movie/5690/photo/3aaf54d96b165250/320.jpg
駅までの道をおしえて	https://eiga.com/movie/89338/	https://eiga.k-img.com/images/movie/89338/photo/65c2e0a3662ca947/320.jpg
エイリアンズ	https://eiga.com/movie/86289/	https://images-fe.ssl-images-amazon.com/images/I/31K97NKWJ4L._SL180_.jpg
エクスタシー・ワンス・モア　愛をもう一度…	https://eiga.com/movie/5722/	https://images-fe.ssl-images-amazon.com/images/I/21BBS6H56SL._SL180_.jpg
エイリアンVSヴァネッサ・パラディ	https://eiga.com/movie/52652/	https://eiga.k-img.com/images/movie/52652/photo/0aa010b6a5131554/320.jpg
エイリアン2	https://eiga.com/movie/42741/	https://eiga.k-img.com/images/movie/42741/photo/a712e45c24548bb4/320.jpg
描きたい、が止まらない	https://eiga.com/movie/90073/	https://eiga.k-img.com/images/movie/90073/photo/cdfe19c3ff3b296e/320.jpg
SSU	https://eiga.com/movie/51988/	
エス・クラブ　ザ・ムービー　クローン人間をやっつけろ！	https://eiga.com/movie/84048/	https://images-fe.ssl-images-amazon.com/images/I/51cI2S75c-L._SL180_.jpg
エスケープ・ルーム	https://eiga.com/movie/89284/	https://eiga.k-img.com/images/movie/89284/photo/250a5eac9d1fbfe9/320.jpg
SF新世紀 レンズマン	https://eiga.com/movie/68149/	https://eiga.k-img.com/images/movie/68149/photo/c6f2ec54b25875b2/320.jpg
エグザム	https://eiga.com/movie/55502/	https://eiga.k-img.com/images/movie/55502/photo/8518da48dc6efa7d/320.jpg
エスカレート 感染マニア	https://eiga.com/movie/59107/	
SF Short Films	https://eiga.com/movie/77111/	https://images-fe.ssl-images-amazon.com/images/I/21E6EAPFQGL._SL180_.jpg
エクセプション 殺意のダイヤモンド	https://eiga.com/movie/75383/	
SOSこちら地球	https://eiga.com/movie/75113/	
エスケープ・フロム・L.A.	https://eiga.com/movie/5788/	https://images-fe.ssl-images-amazon.com/images/I/51uhS50xtNL._SL180_.jpg
エクソシズム	https://eiga.com/movie/56362/	https://eiga.k-img.com/images/movie/56362/photo/57e0f8bf00736da9/320.jpg
エスター	https://eiga.com/movie/54386/	https://eiga.k-img.com/images/movie/54386/photo/ef59f958572e1ebc/320.jpg
SR サイタマノラッパー	https://eiga.com/movie/54376/	https://eiga.k-img.com/images/movie/54376/photo/e51b9a7e36789181/320.jpg
エグザム：ファイナルアンサー	https://eiga.com/movie/82367/	https://images-fe.ssl-images-amazon.com/images/I/51HqFnNVrvL._SL180_.jpg
エスター・カーン めざめの時	https://eiga.com/movie/51254/	https://eiga.k-img.com/images/movie/51254/photo/535a6eae265eee9d/320.jpg
SFホイップクリーム	https://eiga.com/movie/40654/	
エグザイル・イン・サラエヴォ	https://eiga.com/movie/42762/	
英国ロイヤル・オペラ・ハウス　シネマシーズン 2018/19 ロイヤル・バレエ「ラ・バヤデール」	https://eiga.com/movie/89253/	https://eiga.k-img.com/images/movie/89253/photo/a953f45c2589c0b5/320.jpg
8 Eight	https://eiga.com/movie/55831/	https://eiga.k-img.com/images/movie/55831/photo/cd0355577498bac1/320.jpg
英国ロイヤル・オペラ・ハウス　シネマシーズン 2016/17 ロイヤル・バレエ「アナスタシア」	https://eiga.com/movie/85716/	https://eiga.k-img.com/images/movie/85716/photo/940feb6bd8b32145/320.jpg
英国ロイヤル・オペラ・ハウス　シネマシーズン 2016/17 ロイヤル・バレエ「ウルフ・ワークス」	https://eiga.com/movie/85718/	https://eiga.k-img.com/images/movie/85718/photo/69869958c019dc1f/320.jpg
英国ロイヤル・オペラ・ハウス　シネマシーズン 2018/19 ロイヤル・バレエ「ロミオとジュリエット」	https://eiga.com/movie/89261/	https://eiga.k-img.com/images/movie/89261/photo/be58b065f0cb34d1/320.jpg
英国ロイヤル・オペラ・ハウス　シネマシーズン 2018/19 ロイヤル・バレエ「うたかたの恋」	https://eiga.com/movie/89251/	https://eiga.k-img.com/images/movie/89251/photo/cc673c343a8fad97/320.jpg
英国ロイヤル・オペラ・ハウス　シネマシーズン 2016/17 ロイヤル・オペラ「ホフマン物語」	https://eiga.com/movie/85712/	https://eiga.k-img.com/images/movie/85712/photo/c2e96723f0781d98/320.jpg
HK 変態仮面　アブノーマル・クライシス	https://eiga.com/movie/84409/	https://eiga.k-img.com/images/movie/84409/poster2/200.jpg
エイジアン・ブルー 浮島丸サコン	https://eiga.com/movie/35003/	
英国ロイヤル・オペラ・ハウス　シネマシーズン 2017/18 ロイヤル・オペラ「魔笛」	https://eiga.com/movie/87973/	https://eiga.k-img.com/images/movie/87973/photo/b5897d741c6b09aa/320.jpg
英国ロイヤル・オペラ・ハウス　シネマシーズン 2018/19 ロイヤル・オペラ「運命の力」	https://eiga.com/movie/89258/	https://eiga.k-img.com/images/movie/89258/photo/0bf93df3e193083e/320.jpg
映写技師は見ていた	https://eiga.com/movie/42731/	
エイミー、エイミー、エイミー！　こじらせシングルライフの抜け出し方	https://eiga.com/movie/82543/	https://eiga.k-img.com/images/movie/82543/photo/2b26a95dbe7c5b51/320.jpg
エイプリル・ソルジャーズ　ナチス・北欧大侵略	https://eiga.com/movie/83497/	https://eiga.k-img.com/images/movie/83497/poster2/200.jpg
英国ロイヤル・オペラ・ハウス　シネマシーズン 2016/17 ロイヤル・オペラ「イル・トロヴァトーレ」	https://eiga.com/movie/85713/	https://eiga.k-img.com/images/movie/85713/photo/437e431ff9b50496/320.jpg
映画 ふたりはプリキュア マックスハート2 雪空のともだち	https://eiga.com/movie/41503/	https://eiga.k-img.com/images/movie/41503/photo/80bd45e0f1a70c48/320.jpg
映画プリキュアオールスターズ　みんなで歌う♪奇跡の魔法！	https://eiga.com/movie/83691/	https://eiga.k-img.com/images/movie/83691/poster2/200.jpg
えいがのおそ松さん	https://eiga.com/movie/89675/	https://eiga.k-img.com/images/movie/89675/photo/8576b910e28a7d06/320.jpg
映画ドラえもん のび太の宇宙小戦争	https://eiga.com/movie/68191/	https://images-fe.ssl-images-amazon.com/images/I/61o8xwJVTnL._SL180_.jpg
eiko エイコ	https://eiga.com/movie/40951/	
映画版　月組・東京公演　ミュージカル　スカーレット・ピンパーネル	https://eiga.com/movie/57073/	
英国王のスピーチの真実　ジョージ6世の素顔	https://eiga.com/movie/87188/	https://images-fe.ssl-images-amazon.com/images/I/51wdGmz%2Bu-L._SL180_.jpg
映画 日本国憲法	https://eiga.com/movie/41327/	
映画プリキュアオールスターズ　春のカーニバル♪	https://eiga.com/movie/81430/	https://eiga.k-img.com/images/movie/81430/poster2/200.jpg
映画版　ふたりエッチ　ラブ・フォーエバー	https://eiga.com/movie/77160/	https://images-fe.ssl-images-amazon.com/images/I/51fYlNB3ggL._SL180_.jpg
映画 ふたりはプリキュア マックスハート	https://eiga.com/movie/41383/	https://images-fe.ssl-images-amazon.com/images/I/31RH6VDAXRL._SL180_.jpg
映画版 未来日記 The Future Diary On The Film	https://eiga.com/movie/39633/	
映画 のび太の結婚前夜	https://eiga.com/movie/75723/	
栄光と狂気	https://eiga.com/movie/34997/	
映画の都	https://eiga.com/movie/34995/	
映画　妖怪ウォッチ　空飛ぶクジラとダブル世界の大冒険だニャン！	https://eiga.com/movie/83800/	https://eiga.k-img.com/images/movie/83800/photo/e9d95042f41a41f1/320.jpg
映画 クレヨンしんちゃん 電撃!ブタのヒヅメ大作戦	https://eiga.com/movie/36168/	https://images-fe.ssl-images-amazon.com/images/I/61Ca3ZBgq4L._SL180_.jpg
映画ドラえもん　新・のび太の日本誕生	https://eiga.com/movie/82490/	https://eiga.k-img.com/images/movie/82490/poster2/200.jpg
映画ドラえもん　新・のび太の宇宙開拓史	https://eiga.com/movie/53875/	https://eiga.k-img.com/images/movie/53875/photo/6472aba64493a41b/320.jpg
映画というささやかな商売の栄華と衰退	https://eiga.com/movie/42713/	
映画「立候補」	https://eiga.com/movie/78629/	https://eiga.k-img.com/images/movie/78629/poster.jpg
映画クレヨンしんちゃん　嵐を呼ぶ！オラと宇宙のプリンセス	https://eiga.com/movie/57425/	https://eiga.k-img.com/images/movie/57425/poster.jpg
映画館落語　かもめ亭　第二弾	https://eiga.com/movie/77492/	https://eiga.k-img.com/images/movie/77492/photo/9b71a63809a2fc64/320.jpg
映画キラキラ☆プリキュアアラモード　パリッと！想い出のミルフィーユ！	https://eiga.com/movie/86301/	https://eiga.k-img.com/images/movie/86301/photo/48f3f9d562d58899/320.jpg
映画ドラえもん　のび太の宝島	https://eiga.com/movie/87311/	https://eiga.k-img.com/images/movie/87311/photo/199fce87778e58e0/320.jpg
映画 クレヨンしんちゃん 嵐を呼ぶ モーレツ! オトナ帝国の逆襲	https://eiga.com/movie/40358/	https://eiga.k-img.com/images/movie/40358/photo/dc9d28d8eeb5fef4/320.jpg
映画ドラえもん　のび太の恐竜2006	https://eiga.com/movie/56559/	https://eiga.k-img.com/images/movie/56559/photo/288695fa4e5e6c2c/320.jpg
映画と恋とウディ・アレン	https://eiga.com/movie/77339/	https://eiga.k-img.com/images/movie/77339/poster.jpg
映画クレヨンしんちゃん　襲来!!宇宙人シリリ	https://eiga.com/movie/85838/	https://eiga.k-img.com/images/movie/85838/photo/68009063039db2ce/320.jpg
映画クレヨンしんちゃん　新婚旅行ハリケーン　失われたひろし	https://eiga.com/movie/90127/	https://eiga.k-img.com/images/movie/90127/photo/5b6c259da2ae3fe5/320.jpg
映画ドラえもん のび太と竜の騎士	https://eiga.com/movie/40638/	https://images-fe.ssl-images-amazon.com/images/I/31CRHSKMK9L._SL180_.jpg
映画クレヨンしんちゃん　爆睡！ユメミーワールド大突撃	https://eiga.com/movie/83436/	https://eiga.k-img.com/images/movie/83436/poster2/200.jpg
映画しまじろう　まほうのしまの だいぼうけん	https://eiga.com/movie/88085/	https://eiga.k-img.com/images/movie/88085/photo/cce05b5c8a35fe0c/320.jpg
映画クレヨンしんちゃん　爆盛！カンフーボーイズ　拉麺大乱	https://eiga.com/movie/87997/	https://eiga.k-img.com/images/movie/87997/photo/ebed56b121cb8744/320.jpg
エデンヘの道 ある解剖医の一日	https://eiga.com/movie/42804/	https://eiga.k-img.com/images/movie/42804/photo/df8414cb0aae483e/320.jpg
エスパー魔美 星空のダンシングドール	https://eiga.com/movie/68318/	https://eiga.k-img.com/images/movie/68318/photo/7e91435daf1fac63/320.jpg
エッグ（1987）	https://eiga.com/movie/42791/	
悦楽晩餐会 または誰と寝るかという重要な問題	https://eiga.com/movie/42797/	
越後奥三面 山に生かされた日々	https://eiga.com/movie/74933/	
えちてつ物語　わたし、故郷に帰ってきました。	https://eiga.com/movie/89597/	https://eiga.k-img.com/images/movie/89597/photo/5c6e04452fd5869a/320.jpg
エッフェル塔	https://eiga.com/movie/76400/	
X-ミッション	https://eiga.com/movie/81637/	https://eiga.k-img.com/images/movie/81637/poster2/200.jpg
越後二十村郷の牛の角突	https://eiga.com/movie/74800/	
X-ファイル ザ・ムービー	https://eiga.com/movie/42794/	https://eiga.k-img.com/images/movie/42794/photo/e3039191d298c009/320.jpg
EGG（2002）	https://eiga.com/movie/41408/	
悦楽交差点	https://eiga.com/movie/85045/	https://eiga.k-img.com/images/movie/85045/photo/93fc0fae9d3196ef/320.jpg
えてがみ	https://eiga.com/movie/56759/	https://eiga.k-img.com/images/movie/56759/photo/8adcf682f23b1e6f/320.jpg
エミリー・ローズ	https://eiga.com/movie/1055/	https://eiga.k-img.com/images/movie/1055/photo/7acdd61947cc6fbb/320.jpg
Emma エマ	https://eiga.com/movie/42827/	https://images-fe.ssl-images-amazon.com/images/I/512fA%2BkzZOL._SL180_.jpg
エメランスの扉	https://eiga.com/movie/78770/	
選ばれた男	https://eiga.com/movie/86896/	https://eiga.k-img.com/images/movie/86896/photo/c938776952e610e5/320.jpg
Fカップの憂うつ	https://eiga.com/movie/90020/	
エブリバディ・ノウズ（英題）	https://eiga.com/movie/89036/	
エミアビのはじまりとはじまり	https://eiga.com/movie/83631/	https://eiga.k-img.com/images/movie/83631/photo/7e297f08249dd45d/320.jpg
エボリューション	https://eiga.com/movie/1386/	https://eiga.k-img.com/images/movie/1386/photo/085f8e22498ee5a5/320.jpg
エミリー　悪夢のベビーシッター	https://eiga.com/movie/86844/	https://images-fe.ssl-images-amazon.com/images/I/51DdwT-fEkL._SL180_.jpg
エマニュエルとチョコレート工場	https://eiga.com/movie/87754/	https://images-fe.ssl-images-amazon.com/images/I/51xpvDCanML._SL180_.jpg
M 村西とおる狂熱の日々	https://eiga.com/movie/89788/	https://eiga.k-img.com/images/movie/89788/photo/5950d4085b9069c7/320.jpg
エブリシング	https://eiga.com/movie/87147/	https://eiga.k-img.com/images/movie/87147/photo/01cd83f50b35f592/320.jpg
エメラルド・カウボーイ ESMERALDERO	https://eiga.com/movie/76532/	
エブリバディ・ウォンツ・サム!! 世界はボクらの手の中に	https://eiga.com/movie/83952/	https://eiga.k-img.com/images/movie/83952/photo/99b158b53592e086/320.jpg
L.A.大捜査線　狼たちの街	https://eiga.com/movie/6031/	https://eiga.k-img.com/images/movie/6031/photo/f30789ae5e82e9a9/320.jpg
エルストリー1976 新たなる希望が生まれた街	https://eiga.com/movie/85424/	https://eiga.k-img.com/images/movie/85424/photo/d6190f2065fd6eb4/320.jpg
エル・マール・ミ・アルマ　南米チリの海、そして人、出会いの旅	https://eiga.com/movie/80214/	https://eiga.k-img.com/images/movie/80214/poster2/200.jpg
エリート・スクワッド　ブラジル特殊部隊BOPE	https://eiga.com/movie/79968/	https://images-fe.ssl-images-amazon.com/images/I/51GsBkdrsvL._SL180_.jpg
L7 プリテンド・ウィ・アー・デッド	https://eiga.com/movie/89933/	https://eiga.k-img.com/images/movie/89933/photo/5a28df13f0d69b89/320.jpg
エル・ニド	https://eiga.com/movie/42858/	https://eiga.k-img.com/images/movie/42858/photo/c509f69f1ef29bb9/320.jpg
エリート・スクワッド	https://eiga.com/movie/79967/	https://images-fe.ssl-images-amazon.com/images/I/51OCZch8P%2BL._SL180_.jpg
LA 92	https://eiga.com/movie/90036/	
エル・カンタンテ	https://eiga.com/movie/54603/	https://eiga.k-img.com/images/movie/54603/photo/c17acc5f27595ffa/320.jpg
エリス	https://eiga.com/movie/84818/	https://eiga.k-img.com/images/movie/84818/photo/3a7e02cc661d4db6/320.jpg
L エル	https://eiga.com/movie/85121/	https://eiga.k-img.com/images/movie/85121/photo/63a6ba068fb92823/320.jpg
ERIC CLAPTON エリック・クラプトン Live at the Royal Albert Hall Slowhand at 70	https://eiga.com/movie/83098/	https://eiga.k-img.com/images/movie/83098/poster2/200.jpg
黄金花　秘すれば花　死すれば蝶	https://eiga.com/movie/53977/	https://eiga.k-img.com/images/movie/53977/photo/73584994a35237bc/320.jpg
おいら女蛮（スケバン）	https://eiga.com/movie/56573/	https://images-fe.ssl-images-amazon.com/images/I/31D4VMSRBHL._SL180_.jpg
おいしい生活	https://eiga.com/movie/1671/	https://eiga.k-img.com/images/movie/1671/photo/388890fa6e3fec00/320.jpg
美味しい女たち	https://eiga.com/movie/68299/	
オアシス　スーパーソニック	https://eiga.com/movie/85708/	https://eiga.k-img.com/images/movie/85708/photo/1e7b596c32cc3e68/320.jpg
オアシス	https://eiga.com/movie/52130/	https://eiga.k-img.com/images/movie/52130/photo/6d41996bb623d598/320.jpg
大日向村の46年 満州移民・その後の人々	https://eiga.com/movie/75041/	
大掃除	https://eiga.com/movie/75763/	
狼よさらば　地獄のリベンジャー	https://eiga.com/movie/20672/	https://images-fe.ssl-images-amazon.com/images/I/51w15907NpL._SL180_.jpg
大阪物語（1999）	https://eiga.com/movie/35169/	https://images-fe.ssl-images-amazon.com/images/I/51b2rKrwffL._SL180_.jpg
狼の血族	https://eiga.com/movie/42951/	https://eiga.k-img.com/images/movie/42951/photo/44012ede6f397df4/320.jpg
大奥　百花繚乱	https://eiga.com/movie/54025/	https://eiga.k-img.com/images/movie/54025/photo/a1a800a39c8aea09/320.jpg
大江戸浮世風呂譚 卍舞	https://eiga.com/movie/39551/	
狼たちの復讐 THE REVENGE OF THE WOLVES	https://eiga.com/movie/75597/	
おおかみこどもの雨と雪	https://eiga.com/movie/57620/	https://eiga.k-img.com/images/movie/57620/poster.jpg
おこりじぞう	https://eiga.com/movie/74876/	
オクジャ okja	https://eiga.com/movie/85347/	https://eiga.k-img.com/images/movie/85347/photo/4eddbd8da4d8eb90/320.jpg
幼い王子様	https://eiga.com/movie/83541/	https://images-fe.ssl-images-amazon.com/images/I/510hyuUOgfL._SL180_.jpg
おさな妻（1980）	https://eiga.com/movie/68880/	
おさるのジョージ　ベストセレクション	https://eiga.com/movie/86361/	https://eiga.k-img.com/images/movie/86361/photo/7e46d346a3e0d91f/320.jpg
おこげ	https://eiga.com/movie/35206/	
岡山の娘	https://eiga.com/movie/53856/	https://eiga.k-img.com/images/movie/53856/photo/5c3e2b268f453f51/320.jpg
おかあさんの被爆ピアノ	https://eiga.com/movie/90470/	
沖縄戦 未来への証言	https://eiga.com/movie/75058/	
OKI（沖）	https://eiga.com/movie/87077/	https://eiga.k-img.com/images/movie/87077/photo/1d01511a0d8cbc53/320.jpg
お母さん、いい加減あなたの顔は忘れてしまいました	https://eiga.com/movie/83420/	https://eiga.k-img.com/images/movie/83420/poster2/200.jpg
OKINAWA1965	https://eiga.com/movie/89370/	https://eiga.k-img.com/images/movie/89370/photo/cf28f9e888bf991c/320.jpg
おかあさんの木	https://eiga.com/movie/81785/	https://eiga.k-img.com/images/movie/81785/poster2/200.jpg
おかしなおかしな成金大作戦	https://eiga.com/movie/43005/	
男樹	https://eiga.com/movie/75199/	
男たちのかいた絵	https://eiga.com/movie/35251/	
弟が犬になっちゃった！	https://eiga.com/movie/82918/	https://images-fe.ssl-images-amazon.com/images/I/51Gn97TWMAL._SL180_.jpg
男ゴコロはマンガ模様	https://eiga.com/movie/84675/	https://images-fe.ssl-images-amazon.com/images/I/61xD7jyCo3L._SL180_.jpg
娚（おとこ）の一生	https://eiga.com/movie/80315/	https://eiga.k-img.com/images/movie/80315/poster2/200.jpg
男たちの危険な午後	https://eiga.com/movie/43063/	
男たちの詩	https://eiga.com/movie/53953/	https://eiga.k-img.com/images/movie/53953/photo/aad8691fdbb4536e/320.jpg
俺はまだ本気出してないだけ	https://eiga.com/movie/77297/	https://eiga.k-img.com/images/movie/77297/poster.jpg
俺たちポップスター	https://eiga.com/movie/85070/	https://eiga.k-img.com/images/movie/85070/photo/3acc00d40ba746fb/320.jpg
俺たち文化系プロレスDDT	https://eiga.com/movie/85681/	https://eiga.k-img.com/images/movie/85681/photo/2f0bf67c96fbc55b/320.jpg
男はつらいよ 寅次郎心の旅路	https://eiga.com/movie/35313/	https://images-fe.ssl-images-amazon.com/images/I/5118wl7eyeL._SL180_.jpg
男はつらいよ 寅次郎真実一路	https://eiga.com/movie/35306/	https://images-fe.ssl-images-amazon.com/images/I/51s35mBbbkL._SL180_.jpg
男はつらいよ 寅次郎の休日	https://eiga.com/movie/35315/	https://images-fe.ssl-images-amazon.com/images/I/51FtGY9j9zL._SL180_.jpg
男はつらいよ 寅次郎恋愛塾	https://eiga.com/movie/35307/	https://images-fe.ssl-images-amazon.com/images/I/51Qv56gj4oL._SL180_.jpg
男はつらいよ 寅次郎紅の花	https://eiga.com/movie/35320/	https://images-fe.ssl-images-amazon.com/images/I/515kUA2l7lL._SL180_.jpg
男はつらいよ 拝啓 車寅次郎様	https://eiga.com/movie/35319/	https://images-fe.ssl-images-amazon.com/images/I/51dED5trI0L._SL180_.jpg
男はつらいよ 柴又より愛をこめて	https://eiga.com/movie/35308/	https://images-fe.ssl-images-amazon.com/images/I/51GPSHja6cL._SL180_.jpg
女と男の危機	https://eiga.com/movie/43175/	
女トラッカー 甘い爆走	https://eiga.com/movie/66491/	
女ドラゴンと怒りの未亡人軍団	https://eiga.com/movie/57991/	https://eiga.k-img.com/images/movie/57991/poster.jpg
オリエント急行殺人事件	https://eiga.com/movie/86304/	https://eiga.k-img.com/images/movie/86304/photo/23491fb31496c720/320.jpg
親不孝役者	https://eiga.com/movie/87536/	https://eiga.k-img.com/images/movie/87536/photo/543215558ec197c5/320.jpg
およう	https://eiga.com/movie/40528/	
オリンピック・グローリー	https://eiga.com/movie/75644/	
俺たちサボテン・アミーゴ	https://eiga.com/movie/58026/	https://eiga.k-img.com/images/movie/58026/photo/0b377d47b23d11f2/320.jpg
折り梅	https://eiga.com/movie/40497/	https://eiga.k-img.com/images/movie/40497/photo/b79e1fc50fb61694/320.jpg
オルフェ	https://eiga.com/movie/1583/	https://eiga.k-img.com/images/movie/1583/photo/06e5bbc134f8320f/320.jpg
オリンダのリストランテ	https://eiga.com/movie/54038/	https://eiga.k-img.com/images/movie/54038/photo/1fd3ca8d24d47d0f/320.jpg
俺たちステップ・ブラザーズ　義兄弟	https://eiga.com/movie/53617/	https://eiga.k-img.com/images/movie/53617/poster2/200.jpg
傘の下	https://eiga.com/movie/77719/	https://eiga.k-img.com/images/movie/77719/photo/4a95263c2246d74e/320.jpg
火口のふたり	https://eiga.com/movie/90452/	https://eiga.k-img.com/images/movie/90452/photo/3bf015405950508e/320.jpg
翳りゆく父	https://eiga.com/movie/89847/	https://eiga.k-img.com/images/movie/89847/photo/9ee14f84e353a931/320.jpg
駕篭 KAGO	https://eiga.com/movie/75197/	
カケラ	https://eiga.com/movie/54945/	https://eiga.k-img.com/images/movie/54945/photo/069dd61c7b136d7c/320.jpg
影なきリベンジャー　極限探偵C+	https://eiga.com/movie/80173/	https://eiga.k-img.com/images/movie/80173/poster2/200.jpg
過去のまつり	https://eiga.com/movie/84673/	
影なき男（1987）	https://eiga.com/movie/43291/	https://eiga.k-img.com/images/movie/43291/photo/a7acea5eae86339c/320.jpg
過激派オペラ	https://eiga.com/movie/85193/	https://eiga.k-img.com/images/movie/85193/photo/b9f9fcf32987148e/320.jpg
Quartet（2001）	https://eiga.com/movie/75923/	https://eiga.k-img.com/images/movie/75923/photo/6cb5bc3304bbf342/320.jpg
軽い男じゃないのよ	https://eiga.com/movie/88967/	
彼が愛したケーキ職人	https://eiga.com/movie/88471/	https://eiga.k-img.com/images/movie/88471/photo/868699d3f8588e76/320.jpg
カリーナの林檎　チェルノブイリの森	https://eiga.com/movie/56925/	https://eiga.k-img.com/images/movie/56925/poster.jpg
カルテット！人生のオペラハウス	https://eiga.com/movie/77846/	https://eiga.k-img.com/images/movie/77846/poster.jpg
華麗なる不倫	https://eiga.com/movie/59682/	https://eiga.k-img.com/images/movie/59682/photo/a4773075a495047e/320.jpg
華麗なるリベンジ	https://eiga.com/movie/85168/	https://eiga.k-img.com/images/movie/85168/photo/3a415b90a9311626/320.jpg
彼の日常	https://eiga.com/movie/89434/	https://eiga.k-img.com/images/movie/89434/photo/96f561669b27ef42/320.jpg
華麗なるギャツビー	https://eiga.com/movie/57190/	https://eiga.k-img.com/images/movie/57190/poster2/200.jpg
華麗なる恋の舞台で	https://eiga.com/movie/33850/	https://eiga.k-img.com/images/movie/33850/photo/f43b435c98a5f59f/320.jpg
カルロス	https://eiga.com/movie/58309/	https://eiga.k-img.com/images/movie/58309/poster.jpg
カル	https://eiga.com/movie/80805/	
ガリレアの婚礼	https://eiga.com/movie/43487/	
ガッチャ!	https://eiga.com/movie/43364/	https://eiga.k-img.com/images/movie/43364/photo/860f89abb284557e/320.jpg
我慢のスパイ	https://eiga.com/movie/76697/	
ガメラ3 邪神（イリス）覚醒	https://eiga.com/movie/75695/	https://eiga.k-img.com/images/movie/75695/photo/ce57c281d42437f8/320.jpg
ガラスの脳	https://eiga.com/movie/35697/	
牙狼 GARO DIVINE FLAME	https://eiga.com/movie/83629/	https://eiga.k-img.com/images/movie/83629/photo/b8ccd64a05bbd2e2/320.jpg
ガラスのうさぎ（2005）	https://eiga.com/movie/41368/	
ガブリエル	https://eiga.com/movie/86471/	https://images-fe.ssl-images-amazon.com/images/I/51tt%2B3XWP7L._SL180_.jpg
ガラスのヒール　レースクイーンの女神たち The Movie	https://eiga.com/movie/56627/	
画皮　あやかしの恋	https://eiga.com/movie/57657/	https://eiga.k-img.com/images/movie/57657/photo/74549ff64823c028/320.jpg
ガラスの花と壊す世界	https://eiga.com/movie/80186/	https://eiga.k-img.com/images/movie/80186/poster2/200.jpg
完全なる飼育 赤い殺意	https://eiga.com/movie/41063/	https://eiga.k-img.com/images/movie/41063/photo/4ebdc8bec355c829/320.jpg
完全なる飼育	https://eiga.com/movie/35736/	https://images-fe.ssl-images-amazon.com/images/I/21VR1T3D21L._SL180_.jpg
完全犯罪（1993）	https://eiga.com/movie/43541/	
完全なる飼育 秘密の地下室	https://eiga.com/movie/40769/	https://images-fe.ssl-images-amazon.com/images/I/5156284D65L._SL180_.jpg
完全なる飼育 香港情夜	https://eiga.com/movie/40647/	https://images-fe.ssl-images-amazon.com/images/I/51GG97ZRDZL._SL180_.jpg
監視者たち	https://eiga.com/movie/80469/	https://eiga.k-img.com/images/movie/80469/poster2/200.jpg
歓喜の歌	https://eiga.com/movie/53156/	https://eiga.k-img.com/images/movie/53156/photo/8f1a703c67932f3b/320.jpg
韓国絶倫秘伝 女郎蜘蛛	https://eiga.com/movie/43534/	
観察／永遠に君をみつめて	https://eiga.com/movie/34314/	https://eiga.k-img.com/images/movie/34314/photo/bfa1971466fc97fc/320.jpg
川の流れに草は青々	https://eiga.com/movie/8432/	
韓国妻 昼下がりの不倫	https://eiga.com/movie/76089/	
完全なる脱獄	https://eiga.com/movie/82991/	https://images-fe.ssl-images-amazon.com/images/I/51PpFRzJOuL._SL180_.jpg
感染創世記	https://eiga.com/movie/85285/	https://images-fe.ssl-images-amazon.com/images/I/51eLTbu5nKL._SL180_.jpg
関西ジャニーズJr.の目指せ♪ドリームステージ！	https://eiga.com/movie/83905/	https://eiga.k-img.com/images/movie/83905/photo/f380510f5c7a92ee/320.jpg
海賊戦隊ゴーカイジャー THE MOVIE 空飛ぶ幽霊船	https://eiga.com/movie/56237/	https://eiga.k-img.com/images/movie/56237/photo/127d448c5e0aee0b/320.jpg
悲しみのよろこび	https://eiga.com/movie/77661/	https://eiga.k-img.com/images/movie/77661/photo/0817e8062bcef141/320.jpg
河童	https://eiga.com/movie/35635/	https://eiga.k-img.com/images/movie/35635/photo/50e32d25370295c8/320.jpg
火天の城	https://eiga.com/movie/54082/	https://eiga.k-img.com/images/movie/54082/photo/74c81f4464e0094b/320.jpg
カトマンズに散る花	https://eiga.com/movie/84504/	https://eiga.k-img.com/images/movie/84504/poster2/200.jpg
CUT	https://eiga.com/movie/55718/	https://eiga.k-img.com/images/movie/55718/poster.jpg
河童皿太郎　信念のクレーマー	https://eiga.com/movie/57373/	https://eiga.k-img.com/images/movie/57373/photo/5c2ea056c466a5c7/320.jpg
かっ鳶五郎	https://eiga.com/movie/35634/	
かつて、ノルマンディーで	https://eiga.com/movie/53274/	https://eiga.k-img.com/images/movie/53274/photo/92725977b7259a29/320.jpg
悲しい色やねん	https://eiga.com/movie/8041/	https://images-fe.ssl-images-amazon.com/images/I/313ACHVHD9L._SL180_.jpg
悲しき天使	https://eiga.com/movie/33711/	https://eiga.k-img.com/images/movie/33711/photo/4387c1728b9f1eac/320.jpg
彼らの原発	https://eiga.com/movie/89593/	https://eiga.k-img.com/images/movie/89593/photo/d9f343fa668ad44d/320.jpg
可愛いだけじゃダメかしら	https://eiga.com/movie/43522/	
カレーのにおい	https://eiga.com/movie/55917/	https://images-fe.ssl-images-amazon.com/images/I/41ajq7iCxHL._SL180_.jpg
彼の見つめる先に	https://eiga.com/movie/82113/	https://eiga.k-img.com/images/movie/82113/photo/d9078899bdc9b466/320.jpg
ヤマムラアニメーション図鑑　カロとピヨブプト　おうち　Ａ　ＨＯＵＳＥ	https://eiga.com/movie/77103/	
渇きの街	https://eiga.com/movie/35721/	
河崎実（秘）映像	https://eiga.com/movie/77038/	
カワイイ私の作り方　全米バター細工選手権！	https://eiga.com/movie/80123/	https://images-fe.ssl-images-amazon.com/images/I/51zTklPdvyL._SL180_.jpg
カレーライスを一から作る	https://eiga.com/movie/85761/	https://eiga.k-img.com/images/movie/85761/photo/905cac3088363bf9/320.jpg
カウガール・ブルース	https://eiga.com/movie/7650/	https://images-fe.ssl-images-amazon.com/images/I/51TrgLLUXyL._SL180_.jpg
帰ってきたウサギとカメ　新たなる挑戦	https://eiga.com/movie/84445/	https://images-fe.ssl-images-amazon.com/images/I/51nI5pdhtHL._SL180_.jpg
COWBOY BEBOP 天国の扉	https://eiga.com/movie/40347/	https://eiga.k-img.com/images/movie/40347/photo/ed59e61cdd48e2b5/320.jpg
カウントダウンZERO	https://eiga.com/movie/55722/	https://eiga.k-img.com/images/movie/55722/poster.jpg
傀儡	https://eiga.com/movie/89131/	https://eiga.k-img.com/images/movie/89131/photo/8aca1f120ec09b98/320.jpg
回路	https://eiga.com/movie/1464/	https://eiga.k-img.com/images/movie/1464/photo/1b3278fea68317d8/320.jpg
帰ってきたバスジャック	https://eiga.com/movie/86899/	https://eiga.k-img.com/images/movie/86899/photo/62f4dec8c7bff2eb/320.jpg
戒厳令下 チリ潜入記	https://eiga.com/movie/43219/	
母べえ	https://eiga.com/movie/53247/	https://eiga.k-img.com/images/movie/53247/photo/bcb4115864d9da27/320.jpg
かあちゃんに贈る歌	https://eiga.com/movie/79794/	
海峡をつなぐ光　玉虫と少女と日韓歴史ロマン	https://eiga.com/movie/56167/	https://eiga.k-img.com/images/movie/56167/photo/c16f6773ebff481e/320.jpg
海峡を越えた野球少年	https://eiga.com/movie/85327/	https://eiga.k-img.com/images/movie/85327/photo/f71178ca4e94a73e/320.jpg
学生（仮題）	https://eiga.com/movie/77461/	https://eiga.k-img.com/images/movie/77461/photo/d8027fafc298ae4e/320.jpg
ガチバンVI 野獣降臨	https://eiga.com/movie/58098/	https://images-fe.ssl-images-amazon.com/images/I/61Mi8Zz6apL._SL180_.jpg
ガウディアフタヌーン	https://eiga.com/movie/51584/	
ガチ星	https://eiga.com/movie/88539/	https://eiga.k-img.com/images/movie/88539/photo/155589118118ba87/320.jpg
ガチバン TRIBAL	https://eiga.com/movie/77420/	https://eiga.k-img.com/images/movie/77420/poster2/200.jpg
ガチバン NEW GENERATION2	https://eiga.com/movie/81540/	https://eiga.k-img.com/images/movie/81540/poster2/200.jpg
ガチバン　スプレマシー	https://eiga.com/movie/78322/	https://eiga.k-img.com/images/movie/78322/poster.jpg
ガチバンII 最凶決戦	https://eiga.com/movie/58094/	https://images-fe.ssl-images-amazon.com/images/I/51EOYBggU%2BL._SL180_.jpg
ガガーリン　世界を変えた108分	https://eiga.com/movie/81250/	https://eiga.k-img.com/images/movie/81250/poster2/200.jpg
画家モリゾ、マネの描いた美女　名画に隠された秘密	https://eiga.com/movie/79786/	https://eiga.k-img.com/images/movie/79786/poster2/200.jpg
ガイバー	https://eiga.com/movie/43249/	
ガクドリ	https://eiga.com/movie/55933/	https://eiga.k-img.com/images/movie/55933/photo/77582022c98834a9/320.jpg
